{"cameraMode":{"drawMode":0,"name":"Shaded","section":"Shading Mode"},"sceneLighting":false,"audioPlay":false,"sceneViewState":{"m_AlwaysRefresh":false,"showFog":true,"showSkybox":false,"showFlares":true,"showImageEffects":true,"showParticleSystems":true,"showVisualEffectGraphs":true,"m_FxEnabled":true},"in2DMode":false,"pivot":{"x":-0.07540196180343628,"y":1.2447742223739625,"z":-1.9780956506729127},"rotation":{"x":-0.2458253800868988,"y":-0.09544431418180466,"z":0.02206084318459034,"w":-0.9646919369697571},"size":0.007077973335981369,"orthographic":false}